1	牛乳	/data/img_food/牛乳.jpg	/data/sound_food/牛乳.mp3
2	チーズ	/data/img_food/チーズ.jpg	/data/sound_food/チーズ.mp3
3	バター	/data/img_food/バター.jpg	/data/sound_food/バター.mp3
4	あずき	/data/img_food/あずき.jpg	/data/sound_food/あずき.mp3
5	いんげん	/data/img_food/いんげん.jpg	/data/sound_food/いんげん.mp3
6	えんどう	/data/img_food/えんどう.jpg	/data/sound_food/えんどう.mp3
7	小麦	/data/img_food/小麦.jpg	/data/sound_food/小麦.mp3
8	米	/data/img_food/米.jpg	/data/sound_food/米.mp3
9	ごま	/data/img_food/ごま.jpg	/data/sound_food/ごま.mp3
10	そば	/data/img_food/そば.jpg	/data/sound_food/そば.mp3
11	そら豆	/data/img_food/そら豆.jpg	/data/sound_food/そら豆.mp3
12	だいず	/data/img_food/だいず.jpg	/data/sound_food/だいず.mp3
13	うし	/data/img_food/うし.jpg	/data/sound_food/うし.mp3
14	にわとり	/data/img_food/にわとり.jpg	/data/sound_food/にわとり.mp3
15	にわとりの卵	/data/img_food/にわとりの卵.jpg	/data/sound_food/にわとりの卵.mp3
16	ひつじ	/data/img_food/ひつじ.jpg	/data/sound_food/ひつじ.mp3
17	ぶた	/data/img_food/ぶた.jpg	/data/sound_food/ぶた.mp3
18	あおのり・のり	/data/img_food/あおのり・のり.jpg	/data/sound_food/あおのり・のり.mp3
19	あかがい	/data/img_food/あかがい.jpg	/data/sound_food/あかがい.mp3
20	あさり	/data/img_food/あさり.jpg	/data/sound_food/あさり.mp3
21	あじ	/data/img_food/あじ.jpg	/data/sound_food/あじ.mp3
22	あなご	/data/img_food/あなご.jpg	/data/sound_food/あなご.mp3
23	あゆ	/data/img_food/あゆ.jpg	/data/sound_food/あゆ.mp3
24	いか	/data/img_food/いか.jpg	/data/sound_food/いか.mp3
25	いわし	/data/img_food/いわし.jpg	/data/sound_food/いわし.mp3
26	いわな・やまめ	/data/img_food/いわな・やまめ.jpg	/data/sound_food/いわな・やまめ.mp3
27	うなぎ	/data/img_food/うなぎ.jpg	/data/sound_food/うなぎ.mp3
28	うに	/data/img_food/うに.jpg	/data/sound_food/うに.mp3
29	えび	/data/img_food/えび.jpg	/data/sound_food/えび.mp3
30	かき	/data/img_food/かき.jpg	/data/sound_food/かき.mp3
31	かつお	/data/img_food/かつお.jpg	/data/sound_food/かつお.mp3
32	かに	/data/img_food/かに.jpg	/data/sound_food/かに.mp3
33	かれい	/data/img_food/かれい.jpg	/data/sound_food/かれい.mp3
34	きす	/data/img_food/きす.jpg	/data/sound_food/きす.mp3
35	こんぶ	/data/img_food/こんぶ.jpg	/data/sound_food/こんぶ.mp3
36	さけ・ます	/data/img_food/さけ・ます.jpg	/data/sound_food/さけ・ます.mp3
37	さざえ	/data/img_food/さざえ.jpg	/data/sound_food/さざえ.mp3
38	さば	/data/img_food/さば.jpg	/data/sound_food/さば.mp3
39	さより	/data/img_food/さより.jpg	/data/sound_food/さより.mp3
40	さんま	/data/img_food/さんま.jpg	/data/sound_food/さんま.mp3
41	たい	/data/img_food/たい.jpg	/data/sound_food/たい.mp3
42	たこ	/data/img_food/たこ.jpg	/data/sound_food/たこ.mp3
43	とびうお	/data/img_food/とびうお.jpg	/data/sound_food/とびうお.mp3
44	なまこ	/data/img_food/なまこ.jpg	/data/sound_food/なまこ.mp3
45	アスパラガス	/data/img_food/アスパラガス.jpg	/data/sound_food/アスパラガス.mp3
46	アボカド	/data/img_food/アボカド.jpg	/data/sound_food/アボカド.mp3
47	いちご	/data/img_food/いちご.jpg	/data/sound_food/いちご.mp3
48	いちじく	/data/img_food/いちじく.jpg	/data/sound_food/いちじく.mp3
49	うめ	/data/img_food/うめ.jpg	/data/sound_food/うめ.mp3
50	えだまめ	/data/img_food/えだまめ.jpg	/data/sound_food/えだまめ.mp3
51	オクラ	/data/img_food/オクラ.jpg	/data/sound_food/オクラ.mp3
52	オレンジ	/data/img_food/オレンジ.jpg	/data/sound_food/オレンジ.mp3
53	かき	/data/img_food/かき.jpg	/data/sound_food/かき.mp3
54	かぶ	/data/img_food/かぶ.jpg	/data/sound_food/かぶ.mp3
55	かぼちゃ	/data/img_food/かぼちゃ.jpg	/data/sound_food/かぼちゃ.mp3
56	カリフラワー	/data/img_food/カリフラワー.jpg	/data/sound_food/カリフラワー.mp3
57	きゃべつ	/data/img_food/きゃべつ.jpg	/data/sound_food/きゃべつ.mp3
58	きゅうり	/data/img_food/きゅうり.jpg	/data/sound_food/きゅうり.mp3
59	キーウィフルーツ	/data/img_food/キーウィフルーツ.jpg	/data/sound_food/キーウィフルーツ.mp3
60	グレープフルーツ	/data/img_food/グレープフルーツ.jpg	/data/sound_food/グレープフルーツ.mp3
61	こまつな	/data/img_food/こまつな.jpg	/data/sound_food/こまつな.mp3
62	しいたけ	/data/img_food/しいたけ.jpg	/data/sound_food/しいたけ.mp3
63	じゃがいも	/data/img_food/じゃがいも.jpg	/data/sound_food/じゃがいも.mp3
64	すいか	/data/img_food/すいか.jpg	/data/sound_food/すいか.mp3
65	セロリ	/data/img_food/セロリ.jpg	/data/sound_food/セロリ.mp3
66	たけのこ	/data/img_food/たけのこ.jpg	/data/sound_food/たけのこ.mp3
67	たまねぎ	/data/img_food/たまねぎ.jpg	/data/sound_food/たまねぎ.mp3
68	だいこん	/data/img_food/だいこん.jpg	/data/sound_food/だいこん.mp3
69	ちんげんさい	/data/img_food/ちんげんさい.jpg	/data/sound_food/ちんげんさい.mp3
70	とうもろこし	/data/img_food/とうもろこし.jpg	/data/sound_food/とうもろこし.mp3
71	とまと	/data/img_food/とまと.jpg	/data/sound_food/とまと.mp3
72	なし	/data/img_food/なし.jpg	/data/sound_food/なし.mp3
73	なす	/data/img_food/なす.jpg	/data/sound_food/なす.mp3
74	にんじん	/data/img_food/にんじん.jpg	/data/sound_food/にんじん.mp3
75	にんにく	/data/img_food/にんにく.jpg	/data/sound_food/にんにく.mp3
76	ねぎ	/data/img_food/ねぎ.jpg	/data/sound_food/ねぎ.mp3
77	はくさい	/data/img_food/はくさい.jpg	/data/sound_food/はくさい.mp3
78	バナナ	/data/img_food/バナナ.jpg	/data/sound_food/バナナ.mp3
79	パイナップル	/data/img_food/パイナップル.jpg	/data/sound_food/パイナップル.mp3
80	パセリ	/data/img_food/パセリ.jpg	/data/sound_food/パセリ.mp3
81	パパイア	/data/img_food/パパイア.jpg	/data/sound_food/パパイア.mp3
82	ピーマン	/data/img_food/ピーマン.jpg	/data/sound_food/ピーマン.mp3
83	ぶどう	/data/img_food/ぶどう.jpg	/data/sound_food/ぶどう.mp3
84	ブロッコリー	/data/img_food/ブロッコリー.jpg	/data/sound_food/ブロッコリー.mp3
85	ほうれんそう	/data/img_food/ほうれんそう.jpg	/data/sound_food/ほうれんそう.mp3
86	ほんしめじ	/data/img_food/ほんしめじ.jpg	/data/sound_food/ほんしめじ.mp3
87	マッシュルーム	/data/img_food/マッシュルーム.jpg	/data/sound_food/マッシュルーム.mp3
88	まつたけ	/data/img_food/まつたけ.jpg	/data/sound_food/まつたけ.mp3
89	マンゴー	/data/img_food/マンゴー.jpg	/data/sound_food/マンゴー.mp3
90	みかん	/data/img_food/みかん.jpg	/data/sound_food/みかん.mp3
91	メロン	/data/img_food/メロン.jpg	/data/sound_food/メロン.mp3
92	もも	/data/img_food/もも.jpg	/data/sound_food/もも.mp3
93	ようなし	/data/img_food/ようなし.jpg	/data/sound_food/ようなし.mp3
94	らっきょう	/data/img_food/らっきょう.jpg	/data/sound_food/らっきょう.mp3
95	ラディッシュ	/data/img_food/ラディッシュ.jpg	/data/sound_food/ラディッシュ.mp3
96	りんご	/data/img_food/りんご.jpg	/data/sound_food/りんご.mp3
97	レタス・サラダな	/data/img_food/レタス・サラダな.jpg	/data/sound_food/レタス・サラダな.mp3
98	レモン	/data/img_food/レモン.jpg	/data/sound_food/レモン.mp3
99	れんこん	/data/img_food/れんこん.jpg	/data/sound_food/れんこん.mp3
100	わさび	/data/img_food/わさび.jpg	/data/sound_food/わさび.mp3
101	カエル	/data/img_animal/アカメアマガエル.jpg	/data/sound_baby_animal/カエル.mp3
102	オオサンショウウオ	/data/img_animal/オオサンショウウオ.jpg	/data/sound_baby_animal/オオサンショウウオ.mp3
103	サラマンダー	/data/img_animal/ファイアサラマンダー.jpg	/data/sound_baby_animal/サラマンダー.mp3
104	アヒル	/data/img_animal/アヒル.jpg	/data/sound_baby_animal/アヒル.mp3
105	ウグイス	/data/img_animal/ウグイス.jpg	/data/sound_baby_animal/ウグイス.mp3
106	ハクチョウ	/data/img_animal/オオハクチョウ.jpg	/data/sound_baby_animal/ハクチョウ.mp3
107	ワシ	/data/img_animal/オオワシ.jpg	/data/sound_baby_animal/ワシ.mp3
108	カモ	/data/img_animal/オナガガモ.jpg	/data/sound_baby_animal/カモ.mp3
109	ペンギン	/data/img_animal/ケープペンギン.jpg	/data/sound_baby_animal/ペンギン.mp3
110	ハチドリ	/data/img_animal/コスタリカハチドリ.jpg	/data/sound_baby_animal/ハチドリ.mp3
111	スズメ	/data/img_animal/スズメ.jpg	/data/sound_baby_animal/スズメ.mp3
112	インコ	/data/img_animal/セキセイインコ.jpg	/data/sound_baby_animal/インコ.mp3
113	ダチョウ	/data/img_animal/ダチョウ.jpg	/data/sound_baby_animal/ダチョウ.mp3
114	ハト	/data/img_animal/ドバト.jpg	/data/sound_baby_animal/ハト.mp3
115	ペンギン	/data/img_animal/フンボルトペンギン.jpg	/data/sound_baby_animal/ペンギン.mp3
116	ハゼ	/data/img_animal/アサヒアナハゼ.jpg	/data/sound_baby_animal/ハゼ.mp3
117	鮎	/data/img_animal/アユ.jpg	/data/sound_baby_animal/鮎.mp3
118	アンコウ	/data/img_animal/アンコウ.jpg	/data/sound_baby_animal/アンコウ.mp3
119	ウツボ	/data/img_animal/ウツボ.jpg	/data/sound_baby_animal/ウツボ.mp3
120	ウナギ	/data/img_animal/ウナギ.jpg	/data/sound_baby_animal/ウナギ.mp3
121	エイ	/data/img_animal/オニイトマキエイ.jpg	/data/sound_baby_animal/エイ.mp3
122	マグロ	/data/img_animal/クロマグロ.jpg	/data/sound_baby_animal/マグロ.mp3
123	鮫	/data/img_animal/コバンザメ.jpg	/data/sound_baby_animal/鮫.mp3
124	鮭	/data/img_animal/サケ.jpg	/data/sound_baby_animal/鮭.mp3
125	タツノオトシゴ	/data/img_animal/タツノオトシゴ.jpg	/data/sound_baby_animal/タツノオトシゴ.mp3
126	エイ	/data/img_animal/ヒラタエイ.jpg	/data/sound_baby_animal/エイ.mp3
127	ヒラメ	/data/img_animal/ヒラメ.jpg	/data/sound_baby_animal/ヒラメ.mp3
128	ブルーギル	/data/img_animal/ブルーギル.jpg	/data/sound_baby_animal/ブルーギル.mp3
129	マンボウ	/data/img_animal/マンボウ.jpg	/data/sound_baby_animal/マンボウ.mp3
130	ザリガニ	/data/img_animal/アメリカザリガニ.jpg	/data/sound_baby_animal/ザリガニ.mp3
131	ヒトデ	/data/img_animal/イトマキヒトデ.jpg	/data/sound_baby_animal/ヒトデ.mp3
132	イソギンチャク	/data/img_animal/ウメボシイソギンチャク.jpg	/data/sound_baby_animal/イソギンチャク.mp3
133	クラゲ	/data/img_animal/エチゼンクラゲ.jpg	/data/sound_baby_animal/クラゲ.mp3
134	ダンゴムシ	/data/img_animal/オカダンゴムシ.jpg	/data/sound_baby_animal/ダンゴムシ.mp3
135	カタツムリ	/data/img_animal/カタツムリ.jpg	/data/sound_baby_animal/カタツムリ.mp3
136	カニ	/data/img_animal/ケガニ.jpg	/data/sound_baby_animal/カニ.mp3
137	サザエ	/data/img_animal/サザエ.jpg	/data/sound_baby_animal/サザエ.mp3
138	カニ	/data/img_animal/ズワイガニ.jpg	/data/sound_baby_animal/カニ.mp3
139	クリオネ	/data/img_animal/ハダカカメガイ（クリオネ）.jpg	/data/sound_baby_animal/クリオネ.mp3
140	ホタテ	/data/img_animal/ホタテガイ.jpg	/data/sound_baby_animal/ホタテ.mp3
141	ヤドカリ	/data/img_animal/ホンヤドカリ.jpg	/data/sound_baby_animal/ヤドカリ.mp3
142	タコ	/data/img_animal/マダコ.jpg	/data/sound_baby_animal/タコ.mp3
143	ミミズ	/data/img_animal/ミミズ.jpg	/data/sound_baby_animal/ミミズ.mp3
144	イカ	/data/img_animal/ヤリイカ.jpg	/data/sound_baby_animal/イカ.mp3
145	カンガルー	/data/img_animal/アカカンガルー.jpg	/data/sound_baby_animal/カンガルー.mp3
146	狐	/data/img_animal/アカギツネ.jpg	/data/sound_baby_animal/狐.mp3
147	アザラシ	/data/img_animal/アゴヒゲアザラシ.jpg	/data/sound_baby_animal/アザラシ.mp3
148	スイギュウ	/data/img_animal/アジアスイギュウ.jpg	/data/sound_baby_animal/スイギュウ.mp3
149	モグラ	/data/img_animal/アズマモグラ.jpg	/data/sound_baby_animal/モグラ.mp3
150	アフリカゾウ	/data/img_animal/アフリカゾウ.jpg	/data/sound_baby_animal/アフリカゾウ.mp3
151	ビーバー	/data/img_animal/アメリカビーバー.jpg	/data/sound_baby_animal/ビーバー.mp3
152	マナティー	/data/img_animal/アメリカマナティー.jpg	/data/sound_baby_animal/マナティー.mp3
153	アライグマ	/data/img_animal/アライグマ.jpg	/data/sound_baby_animal/アライグマ.mp3
154	ネコ	/data/img_animal/イエネコ.jpg	/data/sound_baby_animal/ネコ.mp3
155	イヌ	/data/img_animal/イヌ.jpg	/data/sound_baby_animal/イヌ.mp3
156	イノシシ	/data/img_animal/イノシシ.jpg	/data/sound_baby_animal/イノシシ.mp3
157	サイ	/data/img_animal/インドサイ.jpg	/data/sound_baby_animal/サイ.mp3
158	ヤマアラシ	/data/img_animal/インドタテガミヤマアラシ.jpg	/data/sound_baby_animal/ヤマアラシ.mp3
159	ゴリラ	/data/img_animal/ウェスタンローランドゴリラ.jpg	/data/sound_baby_animal/ゴリラ.mp3
160	ウシ	/data/img_animal/ウシ.jpg	/data/sound_baby_animal/ウシ.mp3
161	ウマ	/data/img_animal/ウマ.jpg	/data/sound_baby_animal/ウマ.mp3
162	クマ	/data/img_animal/エゾヒグマ.jpg	/data/sound_baby_animal/クマ.mp3
163	ワラビー	/data/img_animal/エレガントワラビー.jpg	/data/sound_baby_animal/ワラビー.mp3
164	オオアリクイ	/data/img_animal/オオアリクイ.jpg	/data/sound_baby_animal/オオアリクイ.mp3
165	プレーリードッグ	/data/img_animal/オグロプレーリードッグ.jpg	/data/sound_baby_animal/プレーリードッグ.mp3
166	オランウータン	/data/img_animal/オランウータン.jpg	/data/sound_baby_animal/オランウータン.mp3
167	アシカ	/data/img_animal/オーストラリアアシカ.jpg	/data/sound_baby_animal/アシカ.mp3
168	ウサギ	/data/img_animal/カイウサギ.jpg	/data/sound_baby_animal/ウサギ.mp3
169	カバ	/data/img_animal/カバ.jpg	/data/sound_baby_animal/カバ.mp3
170	カピバラ	/data/img_animal/カピバラ.jpg	/data/sound_baby_animal/カピバラ.mp3
171	カマイルカ	/data/img_animal/カマイルカ.jpg	/data/sound_baby_animal/カマイルカ.mp3
172	カモノハシ	/data/img_animal/カモノハシ.jpg	/data/sound_baby_animal/カモノハシ.mp3
173	オットセイ	/data/img_animal/ガラパゴスオットセイ.jpg	/data/sound_baby_animal/オットセイ.mp3
174	キツネ	/data/img_animal/キタキツネ.jpg	/data/sound_baby_animal/キツネ.mp3
175	リス	/data/img_animal/キタリス.jpg	/data/sound_baby_animal/リス.mp3
176	サイ	/data/img_animal/クロサイ.jpg	/data/sound_baby_animal/サイ.mp3
177	シマウマ	/data/img_animal/グラントシマウマ.jpg	/data/sound_baby_animal/シマウマ.mp3
178	グリズリー	/data/img_animal/グリズリー.jpg	/data/sound_baby_animal/グリズリー.mp3
179	コアラ	/data/img_animal/コアラ.jpg	/data/sound_baby_animal/コアラ.mp3
180	コウモリ	/data/img_animal/コキクガシラコウモリ.jpg	/data/sound_baby_animal/コウモリ.mp3
181	アルマジロ	/data/img_animal/ココノオビアルマジロ.jpg	/data/sound_baby_animal/アルマジロ.mp3
182	ネズミ	/data/img_animal/コミミハネジネズミ.jpg	/data/sound_baby_animal/ネズミ.mp3
183	ゴールデンハムスター	/data/img_animal/ゴールデンハムスター.jpg	/data/sound_baby_animal/ゴールデンハムスター.mp3
184	クジラ	/data/img_animal/ザトウクジラ.jpg	/data/sound_baby_animal/クジラ.mp3
185	キリン	/data/img_animal/ザンベジキリン.jpg	/data/sound_baby_animal/キリン.mp3
186	マングース	/data/img_animal/シママングース.jpg	/data/sound_baby_animal/マングース.mp3
187	パンダ	/data/img_animal/ジャイアントパンダ.jpg	/data/sound_baby_animal/パンダ.mp3
188	ジュゴン	/data/img_animal/ジュゴン.jpg	/data/sound_baby_animal/ジュゴン.mp3
189	オオカミ	/data/img_animal/タイリクオオカミ.jpg	/data/sound_baby_animal/オオカミ.mp3
190	タヌキ	/data/img_animal/タヌキ.jpg	/data/sound_baby_animal/タヌキ.mp3
191	チンパンジー	/data/img_animal/チンパンジー.jpg	/data/sound_baby_animal/チンパンジー.mp3
192	トナカイ	/data/img_animal/トナカイ.jpg	/data/sound_baby_animal/トナカイ.mp3
193	猿	/data/img_animal/ニホンザル.jpg	/data/sound_baby_animal/猿.mp3
194	鹿	/data/img_animal/ニホンジカ.jpg	/data/sound_baby_animal/鹿.mp3
195	モモンガ	/data/img_animal/ニホンモモンガ.jpg	/data/sound_baby_animal/モモンガ.mp3
196	モグラ	/data/img_animal/ハリモグラ.jpg	/data/sound_baby_animal/モグラ.mp3
197	イルカ	/data/img_animal/ハンドウイルカ.jpg	/data/sound_baby_animal/イルカ.mp3
198	ヒツジ	/data/img_animal/ヒツジ.jpg	/data/sound_baby_animal/ヒツジ.mp3
199	ラクダ	/data/img_animal/フタコブラクダ.jpg	/data/sound_baby_animal/ラクダ.mp3
200	豚	/data/img_animal/ブタ.jpg	/data/sound_baby_animal/豚.mp3
201	ハイエナ	/data/img_animal/ブチハイエナ.jpg	/data/sound_baby_animal/ハイエナ.mp3
202	トラ	/data/img_animal/ベンガルトラ.jpg	/data/sound_baby_animal/トラ.mp3
203	ホッキョクグマ	/data/img_animal/ホッキョクグマ.jpg	/data/sound_baby_animal/ホッキョクグマ.mp3
204	ライオン	/data/img_animal/マサイライオン.jpg	/data/sound_baby_animal/ライオン.mp3
205	バク	/data/img_animal/マレーバク.jpg	/data/sound_baby_animal/バク.mp3
206	マントヒヒ	/data/img_animal/マントヒヒ.jpg	/data/sound_baby_animal/マントヒヒ.mp3
207	ウォンバット	/data/img_animal/ミナミケバナウォンバット.jpg	/data/sound_baby_animal/ウォンバット.mp3
208	アザラシ	/data/img_animal/ミナミゾウアザラシ.jpg	/data/sound_baby_animal/アザラシ.mp3
209	コウモリ	/data/img_animal/メキシコオヒキコウモリ.jpg	/data/sound_baby_animal/コウモリ.mp3
210	モルモット	/data/img_animal/モルモット.jpg	/data/sound_baby_animal/モルモット.mp3
211	ヤギ	/data/img_animal/ヤギ.jpg	/data/sound_baby_animal/ヤギ.mp3
212	ラッコ	/data/img_animal/ラッコ.jpg	/data/sound_baby_animal/ラッコ.mp3
213	ロバ	/data/img_animal/ロバ.jpg	/data/sound_baby_animal/ロバ.mp3
214	アメーバ	/data/img_animal/アメーバ.jpg	/data/sound_baby_animal/アメーバ.mp3
215	ゾウリムシ	/data/img_animal/ゾウリムシ.jpg	/data/sound_baby_animal/ゾウリムシ.mp3
216	ミドリムシ	/data/img_animal/ミドリムシ.jpg	/data/sound_baby_animal/ミドリムシ.mp3
217	ウミガメ	/data/img_animal/アオウミガメ.jpg	/data/sound_baby_animal/ウミガメ.mp3
218	蛇	/data/img_animal/アミメニシキヘビ.jpg	/data/sound_baby_animal/蛇.mp3
219	亀	/data/img_animal/アルダブラゾウガメ.jpg	/data/sound_baby_animal/亀.mp3
220	ワニ	/data/img_animal/イリエワニ.jpg	/data/sound_baby_animal/ワニ.mp3
221	カメレオン	/data/img_animal/エボシカメレオン.jpg	/data/sound_baby_animal/カメレオン.mp3
222	エリマキトカゲ	/data/img_animal/エリマキトカゲ.jpg	/data/sound_baby_animal/エリマキトカゲ.mp3
223	トカゲ	/data/img_animal/オオヨロイトカゲ.jpg	/data/sound_baby_animal/トカゲ.mp3
224	キングコブラ	/data/img_animal/キングコブラ.jpg	/data/sound_baby_animal/キングコブラ.mp3
